product_name,product_price,installment_price,free_shipment
 Infinity War Colección Completa ,55.0,,False
 Rifle Deportivo Daisy Con Mira Y 1500 Postas ,1399.0,138.21,True
 Ojo De Agamotto Dr Strange Envío Gratis!!!! ,180.0,17.78,True
 Funko Bb ,160.0,15.81,True
 6 Gemas Del Infinito Avengers + Cofre Madera Thanos Iron Man ,129.0,12.74,True
 Dc Comic Dc Black Label Kingdom Come Tapa Dura Español ,549.0,45.75,True
 Libro Novela Gráfica The Chilling Adventures Of Sabrina ,335.0,33.1,True
 Banda Itachi Hoja Konoha Renegado Naruto 1m Envio Gratis! ,149.0,12.42,True
 Super Palomera Cinemex Rey Leon 2019 Timon Y Pumba Sellada ,499.0,49.3,True
 Album Dc Comics Pepsi Card Reimpresion Del Año 2000 $199 ,199.0,19.66,False
 Comics Editorial Televisa Bolsas En Paquete Para Su Cuidado ,165.0,16.3,False
 Dc Comics Deluxe Watchmen Sellado Español Nueva Edicion ,699.0,58.25,True
 Comic Batman Knightfall Volumen 1 Edicion 25 Aniversario ,369.0,30.75,False
 Juegos Del Hambre Pin Sinsajo Liberado Hunger Games Katniss ,59.0,,False
 Mini Lampara Bati-señal Batman De Colección + Libreto ,395.0,39.02,True
 Dc Essential Edition: Batman: Saga De La Corte De Los Buhos ,499.0,41.58,True
 Caja Comic ,150.0,14.82,True
 Arcano Toys Memin Penguin Cagon Bootleg 1 Sobre Para Popo ,199.0,19.66,True
 50 Cápsulas Premium De 2pulgadas Para Máquina Vending ,290.0,28.65,False
 Termo Cilindrico Deadpool Con Tu Nombre. ,395.0,,True
 Comic El Origen De Kaliman # 1 El Legado De Kali Sellado ,119.0,9.92,False
 Infierno Para Inocentes ,230.0,22.72,False
 Dc Comics Deluxe Flashpoint Nuevo Y Sellado Español ,549.0,45.75,True
 Dc Comics Batman Damned Libro Uno Azzarello Sellado Nuevo ,199.0,16.58,False
 Comic Crisis En Las Tierras Infinitas Marv Wolfman Español ,599.0,49.92,True
 Collar Doctor Strange: Ojo De Agamotto ,80.0,,False
 Tradiciones Y Leyendas De La Colonia Arriba Del # 100 1965-9 ,150.0,14.82,False
 Star Wars Comics Volumenes ,100.0,9.88,False
 Comic Batman Damned Libro Dos Nuevo Sellado Azarello Bermejo ,199.0,16.58,False
 Enciclopedia Star Wars 1 Al 8 Milenio D. K. En Español ,220.0,21.73,False
 Comic Batman Last Knight On Earth Libro Uno Español Sellado ,99.0,,False
" Comic Archi, Editorial Novaro Y Vid, Años 70's, 80's Y 90's ",150.0,12.5,False
 Comic El Origen De Kaliman # 3 El Legado De Kali Sellado ,99.0,,False
 Aviones De Combate Salvat 01 F-35 Lightning Il Lockheed ,399.0,39.42,True
 El Principito Peluche Zorro Juguete Grande 60cm ,250.0,24.7,True
 He-man Vs. Thundercats #2 Editorial Televisa Nuevo ,45.0,,False
 Comic Batman Smash Clasicos Detective Comics # 27 Sellado ,499.0,41.58,True
 Dc Comics Deluxe Dark Nights: Batman Metal Nuevo Y Sellado ,699.0,58.25,True
 Comic El Origen De Kaliman # 2 El Legado De Kali Sellado ,89.0,,False
 Comic Hellboy #9: La Cacería Salvaje Sellado Español ,249.0,20.75,False
 Mini Lampara Batman Batiseñal Nueva + Libro 48 Paginas ,289.0,24.08,False
 Comic Marvel Deluxe: Spider-man/deadpool Nuevo Sellado ,399.0,33.25,False
 Paquetes 100 Bolsas Con Adhesivo 100 Cartones Para Comic ,159.0,15.71,True
 Comic Hellboy #10: El Hombre Retorcido Y Otras Historias ,239.0,19.92,False
 Marvel Zombies Marvel Best Sellers ,300.0,29.64,False
 Banda Itachi Hoja Konoha Renegado Naruto 1m Envio Gratis! ,149.0,12.42,True
 Fasciculos Ford F100 Pickup Salvat Varios Números ,319.0,31.51,False
 Batman Tmnt Tortugas Ninjas 2 Completa Dc Televisa 2018 ,350.0,34.58,False
 Marvel Movie Collection Escala 1:16 ,370.0,36.55,False
" Comic The Walking Dead Disponibles Del 01 Al 26 Nuevos, ",169.0,14.08,False
" Protección Comics Grapa Paquete 100 Bolsas, 100 Cartones ",269.0,22.42,True
 25 Bolsas Y 25 Cartones Protectores Para Comics Tamaño Grapa ,55.0,,False
 Kingdom Come Dc Deluxe Pasta Dura ,650.0,64.21,True
 Dc Clasicos Modernos Batman Knightfall Volumen 2 Aniversario ,369.0,30.75,False
 Maximum Carnage Vol.1 Y 2 Spider-man Marvel Best Sellers ,650.0,64.21,True
 Batman White Knight Dc Deluxe Pasta Dura ,650.0,64.21,True
 Deluxe The Amazing Spider-man: La Última Cacería De Kraven ,369.0,30.75,False
 Revista Lego Batman Dc # 5 Con Figura The Joker Nueva! ,99.0,,True
 Hellboy Vol.4 Dark Horse Televisa ,290.0,28.65,False
 Revista Simpson Comics ,35.0,,False
 Termo Para Café Homero Simpson Estilo Starbucks ,385.0,,True
 Comic Dc Comics Deluxe: Doomsday Clock Vol. 1 Español ,599.0,49.92,True
 Fables. Comics ,35.0,,False
 Comic Marvel Deluxe: The Infinity Gauntlet Nuevo Sellado ,649.0,54.08,True
 Star Wars Legends Tomo 28 Infinities 1 En Español ,199.0,19.76,True
 Spider-man La Saga Completa Del Traje Alienígena Libro Dos ,599.0,49.92,True
 Set Porta Vasos Duff Simpsons ,140.0,,False
 Comic Marvel Spider-man Figura Para Ventana Y/o Para Coche ,99.0,,False
 Revista Lego Batman Dc # 3 Figura Super Man Nueva! ,89.0,,True
 Especial Paquetes 100 Cartones Calibre 20 Mayor Protección ,98.0,,False
 Comic Smash Clasicos Action Comics # 1 Sellado Y Nuevo ,399.0,33.25,False
 Naruto Funda De Almohada Hinata ,99.0,,False
 Todo Mortadelo Y Filemon 35 Oferta ,159.0,,False
 Comic The Last Of Us Edicion Especial Letras Doradas Nuevo ,369.0,30.75,True
 Comic Batman Detective Comics 1000 Portada Jim Lee Exclusiva ,139.0,11.58,False
 Juegos Del Hambre Pin Sinsajo Liberado Hunger Games Katniss ,59.0,,False
 Bolsas Protectoras Para Comics Tamaño Deluxe De Pasta Dura ,100.0,8.33,False
 Especial Paquetes 100 Bolsas Con Adhesivo Y 100 Cartones ,269.0,26.57,True
 Comic Hellboy Vol. 1 Semilla De Destruccion Nuevo Sellado ,299.0,24.92,False
 Comic Marvel Deluxe Miracleman Libro 2 En Español Nuevo ,299.0,24.92,False
 Civil War Portada Wolverine Marvel Deluxe Pasta Dura ,650.0,64.21,True
 Comic Marvel Spider-man Symbiote Saga Completa 5 Comics ,279.0,23.25,False
 El Asombroso Hombre Araña Varios Números Novedades 1985 92 ,69.0,,False
 Marvel Zombies Return Completo Con Variantes Televisa 2018 ,580.0,57.3,True
 Comic Invader Zim Lote 01 - 16 Editorial Kamite Envío Nuevos ,699.0,58.25,True
 Cómic Dc Clásicos Modernos: Batman: Preludio A Knightfall ,399.0,33.25,False
 Marvel Grandes Eventos Spider-man: Maximum Carnage Sellado ,349.0,29.08,False
 Sandman Vol.9 Vertigo Deluxe Pasta Dura ,650.0,64.21,True
 Comic Marvel Grandes Eventos Marvel Zombies Español Sellado ,499.0,41.58,True
 Comic Batman Damned Libro Tres Nuevo Sellado Azarello Españo ,197.0,16.42,False
 Star Wars Legends Tomo 8 Jedi Vs Sith En Español Nuevo ,199.0,16.67,True
 Comic Hellboy # 8 La Oscuridad Llama Mike Mignola ,229.0,19.08,False
 Dc Clásicos Modernos: Batman: Knightfall Vol. 1. ,350.0,34.58,False
 Dark Nights Metal Batman Who Laughs Vol.1 Dc Televisa 2018 ,109.0,10.77,False
 Paquete De Tarjetas De Caballeros Del Zodiaco O Galaxi 5pop ,169.0,16.7,False
 Comic Marvel Old Man Logan Volumen 1 Berserker Español ,189.0,15.75,False
 Comic Marvel Spider-geddon Tomo Completo Sellado Español ,199.0,16.58,False
 Costalito Navidadeño 50 X 90 Cm De Manta ,255.0,25.19,True
 Flashpoint Dc Deluxe Pasta Dura ,470.0,46.43,False
 Comic Batman Rebirth Detective Comics # 13 Liga De Sombras ,69.0,,False
 Ultimate Spider-man Marvel Deluxe Pasta Dura ,470.0,46.43,False
 Spider-man Spider-verse Vol. 2 Marvel Grandes Eventos Comic ,349.0,34.48,False
 Batman Who Laughs Completa Dc Televisa 2019 ,1060.0,104.72,True
 Sandman Vol.6 Fabulas Y Reflejos Vertigo Neil Gaiman ,470.0,46.43,False
 Comic Bartman # 1 Español Nuevo Kamite Sellado ,49.0,,False
 Batman Detective Comics # 1000 Paquete 11 Portadas Nuevas ,999.0,83.25,True
 Marvel Movie Collection Fasiculo # 18 Yondu Esc 1:16 ,549.0,54.24,True
 Comic Batman Muerte De La Familia Tomo Completo Español ,299.0,24.92,False
 Comic Scott Pilgrim Tomo 2 Deluxe Kamite Nuevo Sellado ,339.0,28.25,False
 Anillo Linterna Verde Green Lantern Corps Juramen Tallas Igo ,399.0,39.42,False
 Novela Grafica: Lost At Sea Nuevo En Español Kamite Deluxe ,349.0,29.08,False
 House Of M Marvel Best Sellers ,300.0,29.64,False
 Secret Invasion - Marvel Comics Bestsellers ,180.0,17.78,False
 Termo Homero Simpson Personalizable ,385.0,,True
 Comic Saga Completa Scott Pilgrim 6 Tomos Color Tapa Deluxe ,2299.0,191.58,True
 Batman Detective Comic Vol.1000 Alex Ross Televisa 2019 ,230.0,22.72,False
 Ultimate Comics Spiderman Televisa Numeros Sueltos ,35.0,,False
 Rachel Rising. Comics ,40.0,,False
 Comic The Umbrella Academy Vol. 3: Hotel Olvido Gerard Way ,229.0,19.08,False
 Libro: El Maestro Y Margarita Autor: Mijaíl Bulgákov ,199.0,,True
 Dc Comics Deluxe: Dark Nights Metal: The Resistance Sellado ,599.0,59.18,True
 Comic Marvel Basicos Venom El Abismo Completo Sellado ,169.0,14.08,False
 Comic Hellboy # 7 La Bruja Trol Y Otras Historias Sellado ,219.0,18.25,False
 Comic Universo Dc Batman Dias Frios Tom King Sellado ,169.0,14.08,False
 Astérix Colección Salvat Números 23 Al 30 ,280.0,27.66,False
 Libro: Vuelta Al Mundo En (nov. Gráfica) Autor: Julio Verne ,157.0,,True
 Injustice Año 1 Vol.1 Y 2 Dc Definitive Edition ,650.0,64.21,True
 Venom Protector Letal Portada 2 Marvel Monster Edition ,240.0,23.71,False
 Comic Superman Vid ,210.0,20.75,True
 Amazing Spider-man Saga Del Traje Alienigena 1 Marvel Deluxe ,700.0,69.15,True
 Spider-man: La Saga Del Traje Alienigena Libro Uno Español ,649.0,54.08,True
 Comic Dc Black Label: Joker Nuevo Sellado Español ,549.0,45.75,True
 Comics La Familia Burron 2a Epoca 1987 A 1990 Varios Números ,79.0,,False
 Comic De Batman Death Of The Family Book And Joker Mark Set ,899.0,74.92,True
 Comic Marvel Aventuras Marvel Comics #1000 Portada Variante ,109.0,9.08,False
" Comic De Batman Death Of The Family, Set De Libro Y Mascara ",797.0,78.74,True
 Comic Hellboy # 6 Lugares Extraños Mike Mignola Sellado ,249.0,20.75,False
 70 Bolsas Deluxe 50 Monster 200 Con Cartón Grapa ,450.0,37.5,False
" Construye Tu Jeep Willys Mb, Entrega No 1 Al 27 C/u Por ",309.0,30.53,False
 Comic Hellblazer Pecados Originales John Constantine Deluxe ,499.0,41.58,True
 The Witcher Vol. 1 Casa De Cristal Comic ,210.0,20.75,False
 Comic Batman: Jekyll & Hyde Saga Completa Español ,199.0,16.58,False
 Comic Dc Comics Deluxe Batman Catwoman El Album De Bodas ,499.0,41.58,True
 Revista Batman Lego #1 Panini ,99.0,,False
 Comic Marvel Deadpool Kills The Marvel Universe Nuevo Ingles ,349.0,29.08,False
 Batman Catwoman El Album De Bodas Dc Deluxe Pasta Dura ,470.0,46.43,False
 Sandman Vol.3 Pais De Sueños Vertigo Neil Gaiman Pasta Dura ,470.0,46.43,False
 Simpsons Comics Numeros Sueltos ,35.0,,False
 Symbiote Spider-man Vol.3 Marvel Televisa 2019 ,59.0,,False
 Comic Blackest Night Linterna Verde Edicion Deluxe Tapa Dura ,649.0,54.08,True
 He-man Thundercats Completo Dc Comics Televisa 2019 ,360.0,35.57,False
 Comic Superman Serie Regular Varios Números Vid Español ,35.0,,False
 Marvel Movie Collection Fasiculo # 24 Heimdall Nuevo Sellado ,498.0,49.2,False
 30 Pares Bonita Sandalia Tipica Mexicana Envio Incluido ,1800.0,150.0,True
 Funko Pop Hermione Granger Herbology Mandragora ,389.0,38.43,True
 Watchmen Comic Dc Comics Black Label Pasta Dura ,700.0,69.15,True
 Comic Marvel Grandes Eventos Civil War Español Sellado ,399.0,33.25,False
 Comic Dc Definitive Edition Injustice 2: Volumen 6 ,249.0,20.75,False
 Dc Essential Edition Justice League: La Guerra De Darkseid ,549.0,45.75,True
 Comic The Amazing Spider-man: De Vuelta A Lo Básico Sellado ,199.0,16.58,False
 Catwoman Serie De Los 90´s Ingles Numeros Sueltos ,60.0,,False
 Comic Kaliman El Dragon Rojo Completa Sellado Nuevo ,229.0,19.08,False
 Comic Marvel Monster Edition Thanos Gana Libro 10 ,399.0,33.25,False
 400 Bolsas Y 400 Cartones Protectores Para Comics Con Envio ,650.0,54.17,True
 Marvel Movie Collection Fasiculo # 21 Ultron ¡nuevo Sellado! ,580.0,57.3,True
 Comic Batman: Batman: Last Knight On Earth Libro Dos ,119.0,9.92,False
 Termo Para Café Starbuks Krusty El Payaso Simpsons ,385.0,,True
 Bolsa Protectora P/ Comics Tamaño Monster/omnibus/definitive ,90.0,,False
 El Viejo Y El Narco Panini Comics ,180.0,17.78,False
 Marvel Zombies Vs. Army Of Darkness Monster Edition ,399.0,39.42,True
 Mini Lampara Bati-señal Nueva De Colección + Libreto ,349.0,34.48,False
 Marvel Movie Collection Fasiculo # 17 Drax Esc 1:16 ,549.0,54.24,True
 Mochila Supervivencia Envio Gratis. ,600.0,,True
 Carnage Marvel Monster Edition ,240.0,23.71,False
 Dc Comics The Batman Who Laughs # 6 Español Carton Y Bolsita ,99.0,,False
 Batman Last Knight On Earth Vol.1 Dc Televisa 2019 ,122.0,12.05,False
 Anillo Linterna Roja Red Lantern Corps Dc Varias Tallas Igo ,429.0,42.38,False
 Superman (chicos) Dc Comics - Editorial Vid 2000's - Español ,39.0,,False
 Termo Para Café Monster Musume Estilo Starbucks ,385.0,,True
 Flash Rebirth Vol.13 El Boton Dc Comic´s Televisa 2018 ,77.0,,False
 Dc Semanal: Batman: Sins Of The Father #1 (de 6) Nuevo ,59.0,,False
 Comic Marvel Deluxe Spider-verse Tomo 2 Nuevo Y Sellado ,649.0,54.08,True
 Batman Detective Comics The New 52 Futures End Dc Comics 3d ,150.0,14.82,False
 Marvel 1602 Neil Gaiman Marvel Deluxe Pasta Dura ,750.0,74.09,True
 Comic Batman Frank Miller Año Uno Nuevo Ingles ,299.0,24.92,False
 Dc Universe Vs Masters Of The Universe Vol.1 Televisa 2019 ,77.0,,False
 Sandman Vol.2 Vertigo Deluxe Pasta Dura ,750.0,74.09,True
 35 Pares Bonita Sandalia Rebozo Tipica Varios Colores #23-26 ,2100.0,207.46,True
 Amazing Spider-man Vol.794 Y 795 Marvel Televisa 2018 ,77.0,,False
 Flashpoint Deluxe ,550.0,45.83,True
 Symbiote Spider-man Vol.4 Marvel Televisa 2019 ,59.0,,False
 Darth Vader Casco Star Wars Esc 1/5 ,299.0,29.54,True
 Batman Damned Vol.3 Dc Comics Televisa Black Label ,200.0,19.76,False
" Pack Dark Horse Books Hellboy 1 , 2 , 3 Nuevo Sellado!! ",429.0,42.47,False
 300 Bolsa P/comics 70 Monster 70 Deluxe ,320.0,26.67,False
 Cascos Star Wars Deagostini ,382.0,37.74,False
 60bolsas/cartones Comic Grapa ,120.0,11.85,False
 Cómics Smash Clásicos 3 Primeras Apariciones No Spiderman ,400.0,39.52,True
 Blackest Night Dc Deluxe Essential Pasta Dura ,600.0,59.28,True
 Edge Of Spider-verse Vol.2 Var Marvel Semanal Televisa 2015 ,122.0,12.05,False
 El Origen De Kaliman Vol.2 Kamite 2019 ,100.0,9.88,False
 Caja Para Comics Dc Batman Robin Batgirl Dark Knight Joker ,339.0,33.54,False
" Comic Trilogia Umbrella Academy Apocalipsis, Dallas, Hotel ",799.0,66.58,True
 Comic Superman Action Comics # 1000 Portada Jim Lee ,75.0,,False
 Lágrimas Y Risas Edar 60´s Gigantes Primeras Ediciones ,30.0,,False
" Anibal 5, De Alexandro Jodorowski- Completo ",400.0,33.33,True
 Comic Dc Black Label: Batman: Damned Compilacion Tapa Dura ,549.0,45.75,True
 Dc Clásicos Modernos: Batman: Knightfall Vol. 2 ,350.0,34.58,False
" Arma Tu R2-d2 Star Wars, Fascículo 30 Al Actual Cada Uno Por ",339.0,33.49,False
" Arma El Delorean De Volver Al Futuro,no27 Al Actual C/u Por ",339.0,33.49,False
 La Ultima Cacería De Kraven Spider-man Marvel Deluxe 2019 ,450.0,44.46,False
 Termo Cilindrico Deadpool Con Tu Nombre. ,395.0,32.92,True
" Batman Y Flash , El Botón, The Button , Historia Completa ",299.0,29.54,False
 Batman Detective Comics 80 Años Dc Deluxe Pasta Dura ,800.0,79.03,True
 Batman Damned Libro Uno En Español Dc Comics Smash ,140.0,13.83,False
 X-men La Saga De Dark Phoenix Marvel Monster Edition ,370.0,36.55,False
 Pulsera Batman Liga De Coleccionistas ,150.0,14.82,True
 Batman: Last Knight On Earth Libro Uno ,99.0,,False
 Comic De Batman: Death Of The Family Book And Joker Mask Msi ,950.0,79.17,True
 Lata De Aluminio Homero Simpsons /starbuks ,265.0,,True
 Spiderman 13 (marvel 1991) Todd Mcfarlane.direct Edition. ,250.0,24.7,False
 La Maldicion De Spawn Completo Editorial Vid ,1460.0,144.24,True
" Sideshow Hulk Y Wolverine,proveedor Comicx , Nuevo ",15200.0,1502.0,True
" Panini, Super Campeones / La Colección Oficial, Cada Una Por ",199.0,16.58,False
 Comic The Amazing Spiderman No.194 Variante La Mole Marvel ,349.0,34.48,False
 Taza Para Café Bart Simpsons /starbuks ,195.0,,True
 Encapsuladora Acrilico Semiautomatica 100cps ,5000.0,493.96,True
 Funko Navideño Star Wars Darth Vader Nuevo Original ,345.0,34.08,True
 Comic Planet Hulk Gratis Thor The Unworthy Nuevos Y Sellado ,379.0,31.58,False
 Injustice Gods Among Us: Año 1 Vol.2 Dc Definitive Edition ,300.0,29.64,False
 Spider Gwen ¿la Mas Buscada? Marvel Best Sellers ,300.0,29.64,False
 Cuadro Moderno En Tela Marvel Comics 90x140cm ,985.0,,True
 Comic Superior Spider-man Tomo 4 Sellado Español ,299.0,24.92,False
 Dc Comics Deluxe Injustice Ground Zero La Colección Completa ,599.0,49.92,True
 Comic The Walking Dead # 27 Editorial Kamite Español Nuevo ,259.0,21.58,False
 Batman: Last Knight On Earth Libro 2 ,99.0,,False
 Comic Dc Comics Deluxe: Batman/flash El Botón Sellado ,549.0,45.75,True
 Tohru ( Kobayashi-san Ch No Maid Dragon ) Mini Cojin ,55.0,,False
 Batman La Saga De La Corte De Los Buhos Dc Essential Edition ,400.0,39.52,False
 Batman Rebirth Vol.2 Soy Suicida Tpb Televisa ,240.0,23.71,False
 Hellblazer Vol.2 (vol. 7 Al 11) Vertigo Tpb ,240.0,23.71,False
 Comic Hellboy Vol. 3 El Ataud Encadenado Y Otras Historias ,249.0,20.75,False
 Batman Rebirth Vol.3 Yo Soy Bane Tpb Televisa ,240.0,23.71,False
 Comic The Amazing Spider-man Volumen 6 Identidad E Imperio ,199.0,16.58,False
 50 Bolsas Protectoras Para Comics Tamaño Deluxe Pasta Dura ,65.0,,False
 Marvel Deluxe The Superior Spider-man Vol. 1 Pasta Dura ,410.0,40.5,False
 Zor Mini Revistas Comics 30.00 C/u ,30.0,,False
 [español] Dc Semanal: V For Vendetta #4 (de 10) ,49.0,,False
 Comic The Amazing Spider-man Volumen 2 Logros De Vida ,199.0,16.58,False
 Marvel Zombies Marvel Grandes Eventos Comic ,345.0,34.08,False
 Dc Essential: Crisis En Tierras Infinitas Nuevo Sellado!! ,599.0,59.18,True
 Comic Dc Comics Deluxe Injustice 2 Libro Uno Sellado Nuevo ,549.0,45.75,True
 [español] Marvel Grandes Eventos Marvel Zombies ,380.0,37.54,True
 Batman Preludio A Caída Del Murciélago Dc Clásicos Modernos ,450.0,44.46,False
 100 Bolsas/cartones Comic 50 Bolsa/cartoomnibus 50 Deluxe ,365.0,36.06,True
 100 Bolsas Y 100 Cartones Para Cómics Marca Weapon X Comics ,270.0,22.5,False
" Comic The Amazing Spider Man 799, 800, 801 Caer Peleando ",109.0,9.08,False
 Dark Nights Metal Vol.6 Variante Jim Lee Dc Televisa 2018 ,145.0,14.32,False
 Batman Knightfall Vol. 2 - 25 Aniversario Dc Comics Clásicos ,350.0,34.58,False
 Batman Last Knight On Earth Vol.2 Dc Televisa 2019 ,122.0,12.05,False
 Dark Nights Metal Batman Merciless Vol.1 Dc Televisa 2018 ,109.0,10.77,False
 Batman Detective Comic Vol.1000 Franceso Televisa 2019 ,130.0,12.84,False
 The Amazing Spider-man Civil War Marvel Best Sellers ,300.0,29.64,False
 Batman Rebirth Vol.13 El Boton 3 Dc Comic´s Televisa 2018 ,88.0,,False
 Dk3 Vol.9 Variante Jim Lee Dc Comic´s Televisa 2018 ,134.0,13.24,False
 Comic Watchmen # 2 Alan Moore Español Carton Bolsita Gratis ,69.0,,False
 Comic Spawn 248 / 249 Numero Doble Final De Saga Español ,99.0,,False
 Batman White Knight Vol.6 Variante Dc Semanal Televisa 2018 ,117.0,11.56,False
" Comic Spawn # 246, 247 Editorial Kamite Sellado ",79.0,,False
 Comic Dc Universe Rebirth Aquaman # 12 Corona En Atlantida ,59.0,,False
 Amazing Spider-man Vol.797 Y 798 Variante 1 Televisa 2019 ,81.0,,False
 Comic Dc Universe Flash # 25 Guerra De Flash ,65.0,,False
 Reloj Deadpool Tipo Bolsillo De Colección Con Cadena ,189.0,,False
 Termo Para Café Homero Simpson Estilo Starbucks ,385.0,32.08,True
 Sandman Neil Gaiman Obra Completa 14 Tomos Deluxe Televisa ,7499.0,624.92,True
 Comic The Flash No.53 (ingles) Dc Universe ,89.0,,False
 [español] Batman Knightfall Trilogia La Caida Del Murcielago ,970.0,95.83,True
 Marvel Movie Collection Fasiculo # 20 Iron Patriot Sellado! ,498.0,49.2,False
" Comic Amazing Spider-man #1 (december 2015,) Cerificado Aute ",899.0,,True
 Comic Dc Universe Rebirth Wonder Woman # 12 La Verdad ,55.0,,False
 Comic Dc Universe Batman 20 Enfrentando A La Hija Del Demoni ,59.0,,False
 Peter Parker Spider-man Vol.302 Marvel Televisa 2018 ,77.0,,False
 Superman Action Comics No.1004 (ingles) Dc Universe ,90.0,,False
 Amazing Spider-man Vol.791 Marvel Televisa 2018 ,77.0,,False
 Virtual Hero 2 - Ruben Doblas El Rubius / Suma De Letras ,229.0,,True
 Green Lantern Corps Rebirth Vol.12 Dc Comic Televisa 2018 ,77.0,,False
 Batman Detective Comic Rebirth Vol.18 Dc Comic Televisa 2018 ,77.0,,False
 Peter Parker Spider-man Vol.301 Marvel Televisa 2018 ,77.0,,False
 Batman Vol.20 Dc Comic´s Televisa 2019 ,77.0,,False
 Wonder Woman Rebirth Vol.12 Dc Comic´s Televisa 2018 ,77.0,,False
 All Star Batman Rebirth Vol.12 Dc Comic´s Televisa 2018 ,77.0,,False
 Comic Panini Star Light ,45.0,,True
 Superman Vol.20 Dc Comic´s Televisa 2019 ,77.0,,False
 Amazing Spider-man Pecados Del Pasado Marvel Best Sellers ,240.0,23.71,False
 Ant-man Vol.4 Marvel Semanal Televisa 2018 ,53.0,,False
 Batman Detective Comics # 1000 - Portada De Francesco Matina ,240.0,23.71,True
 Mini Daga De Puño ,175.0,17.29,True
 Comic Batman New 52 # 28 Carton Y Bolsa Gratis Español ,45.0,,False
 Comic Dc Definitive Edition Injustice 2 Volumen 3 Español ,249.0,20.75,False
 Comic Marvel Spider-man Sentados En Un Arbol Volumen 3 ,189.0,15.75,False
 Comic Marvel Basicos Spider Gwen Ghost Spider Spider-geddon ,199.0,16.58,False
 Comic Deadpool: Que Llueva El Varo A Plomazos Sellado ,189.0,15.75,False
 Batman Liga De Coleccionistas ,155.0,15.31,True
 Comic The Amazing Spiderman No.12 Variante Campbell Marvel ,200.0,19.76,False
 Dc Essential Edition Justice League: La Guerra De Darkseid ,455.0,44.95,False
 Dark Horse Comics The Umbrella Academy Español Nuevo Sellado ,280.0,27.66,False
 Enciclopedia Marvel Atrasados Nuevos ,299.0,29.54,False
 Comic Universo Dc Batman: El Ala Tirana Sellado Español ,169.0,14.08,False
 Flashpoint Showcase Historia Completa En Español Televisa ,270.0,26.67,False
 Aventuras De Capulina Cómic $120 Cada Uno ,120.0,11.85,False
 Primeras Tres Aparaciones Spiderman ,1000.0,98.79,True
 V For Vendetta 30 Aniversario Vertigo Deluxe Pasta Dura ,720.0,71.13,True
 Aviones De Combate Salvat F-4f Phantom Il No 04 ,749.0,73.99,True
 Sandman 10 Primeros Tomos Colección Completa ,5900.0,491.67,False
 The Witcher Vol. 2: Hijas De La Zorra Dark Horse Comic ,210.0,20.75,False
 [español] Action Comics ¿qué Sucedió Al Hombre Del Mañana? 2 ,69.0,,False
 Invader Zim 1 A 16 Nuevos Español Envío Gratis ,720.0,71.13,True
 Batman Who Laughs Vol.6 Dc Comic´s Televisa 2019 ,109.0,10.77,False
 Spiderman 1 Portada Regular Mcfarlane (marvel 1990) ,225.0,22.23,False
 Coraline ... Novela Gráfica Neil Gaiman / P Craig Rusell ,359.0,35.47,True
 Injustice Gods Among Us Año 5 Dc Deluxe Pasta Dura ,730.0,72.12,True
 Batman Rebirth Vol.3 Dc Comic´s Televisa 2017 ,77.0,,False
 Calcomania Trasparente Delgasa Para Decoracion En Minisplit ,160.0,15.81,False
 Panini Superheroes Dc Cómics Una Revista Y Figura Colección ,549.0,54.24,True
 Comics Rick And Morty Nuevos Español Precio Por C/u ,55.0,,False
 Libro: El Gran Gatsby Autor: Scott Fitzgerald ,157.0,,True
 Hellboy Volumen 8: La Oscuridad Llama ,215.0,21.24,False
 Comic Bartman # 2 Nuevo Y Sellado Comics Bongo ,49.0,,False
 Caja De Micas Bcw Para Tazos Sellada 20 Espacios Cuadrados ,699.0,69.06,True
 La Guarida Del Horror Marvel Deluxe Pasta Dura ,650.0,64.21,True
 Lote 21 Cómics Variados Marvel Y Dc Por 450 Con Envío Gratis ,450.0,37.5,True
 Karmatron Y Los Transformables Lote 10 Comics Nueva Epoca -4 ,500.0,,True
 Guantelete Del Infinito Marvel Deluxe Pasta Dura ,650.0,64.21,True
 Dark Nights Metal Resistance Portada 1 Dc Deluxe Pasta Dura ,640.0,63.23,True
 Clasicos Ilustrados Infantiles 1a Edicion La Prensa '55-56 ,150.0,14.82,False
 Dc Comics Deluxe The World's Greatest Super Heroes Alex Ros ,499.0,41.58,True
 Primeras Tres Apariciones De Irón Man Marvel ,650.0,64.21,True
 Libro: Orgullo Y Prejuicio Autor: Jane Austen ,157.0,,True
" X-men The Age Of Apocalypse Vol.1, 2 Y 3 Marvel Omnibus ",2000.0,197.58,True
 Scott Pilgrim Tapa Blanda Varios Números Kamite Color ,270.0,26.67,False
 Comic Remate Saga X-men The Age Of Apocalipse Tres Tomos ,1199.0,99.92,True
 Batman Dark Knight Master Race Dk3 Dc Deluxe Pasta Dura ,650.0,64.21,True
 Colección Looney Tunes Milenio Nueva Sin Abrir ,3000.0,250.0,True
 Super Mario Bros Donkey Kong Funda De Almohada De 40 X 50cm ,239.0,23.61,True
 Inuyasha Mini Cojin ,55.0,,False
 Daredevil Born Again Volver A Nacer Marvel Monster Edition ,600.0,59.28,True
 Comic Back To The Future Saga 01 Al 11 Nuevos Sellados ,549.0,45.75,True
 Punk Rock Jesus (vertigo Cómics México) ,540.0,45.0,True
 {español] Dc Semanal: He-man/thundercats #6 (de 6) ,49.0,,False
 Dc Comics Batman Y Robin All Star Lote 9 Tomos Vid Español ,499.0,41.58,True
 Marvel Zombies 1 Y 2 Marvel Cómics Grande Eventos Env Gratis ,470.0,39.17,True
 Injustice Gods Among Us Año 2 Dc Deluxe Pasta Dura ,590.0,58.29,True
 Cómic Marvel Deluxe Daredevil: Born Again Tapa Dura Sellado ,499.0,41.58,True
 [español] Justice League No Justice #1 ,49.0,,False
 [español] Justice League No Justice #2 ,49.0,,False
 Comic La Muerte De Superman Edicion Deluxe Español Sellado ,599.0,49.92,True
 Calendario 2018 Portadas Dc Comics Batman Superman Flash ,199.0,19.66,False
 The Dark Knight Saga Pasta Dura Español Editorial Televisa ,699.0,69.06,True
 Symbiote Spider-man Completa Con Variantes Televisa 2019 ,480.0,47.42,False
" Batman, Superman,crisis Final, Dc Tomo Unico Editorial Vid ",449.0,44.36,False
 The Sandman Overture Neil Gaiman Vertigo Deluxe Pasta Dura ,600.0,59.28,True
 Comic Dc Comics Absolute The Multiversity Grant Morrison ,449.0,37.42,False
 Comic Marvel Deluxe Spider-verse Tomo 1 Nuevo Y Sellado ,599.0,49.92,True
" Milenio, Coco El Poder De La Música #1 Al #11 Cada Uno Por ",229.0,22.62,False
 Comic 300 Dark Horse Books Kamite Nuevo Sellado Ganador ,499.0,49.3,True
 Sandman Vol.10 El Velorio Pasta Dura Vertigo Neil Gaiman ,470.0,46.43,False
 Marvel Deluxe The Superior Spider-man Vol. 3 Pasta Dura ,410.0,40.5,False
 Loz Avengers Brickheadz - Marvel - Hulk ,99.0,,False
 Batman Sins Of The Father Completo Dc Comic Televisa 2019 ,465.0,45.94,False
 Thanos Gana Thanos Vol.10 Marvel Monster Edition ,450.0,44.46,False
 Death Note Funda De Almohada Shinigamis ,99.0,,False
 Sandman Vol.8 El Fin De Los Mundos Vertigo Neil Gaiman ,470.0,46.43,False
 Daredevil The Man Without Fear Deluxe Pasta Dura ,399.0,39.42,False
 House Of M Vol.1 Variante Marvel Omnibus ,410.0,40.5,False
 Hellblazer Vol.1 Habitos Peligrosos (vol.1 Al 6) Vertigo Tpb ,300.0,29.64,False
 Comic Batiseñal Metalica Escala Tamaño Grande Original ,899.0,74.92,True
 Funko Pennywise Con Brazo De Sangre 543 ,419.0,41.39,True
 Superior Spider-man Vol.4 Marvel Aventuras ,300.0,29.64,False
 Cyclops Wolverine And The X-men ,160.0,,False
 Príncipe Valiente Tomo Año 1939 De Hal Foster ,350.0,34.58,False
 Born Again Daredevil Pasta Blanda Editorial Televisa ,290.0,28.65,False
 Funko Pop Harry Potter With Marauders Map ,425.0,41.99,True
 Justice League Y Power Rangers Serie Completa Dc Televisa ,350.0,34.58,False
 Comic Lady Mechanika 6 Tomos 00 - 05 Saga Completa Aprovecha ,369.0,30.75,True
 Watamote Funda De Almohada Cojin Tomoko Kuroki ,199.0,,False
 Comic Marvel Monster Edition Infinity Countdown Libro 11 ,399.0,33.25,False
 Funko Pop! Pennywise With Spider Legs It Piernas De Araña ,389.0,38.43,True
 Tiempos Oscuros 1 Star Wars Vol.27 Planeta De Agostini ,345.0,34.08,False
 Siege El Asedio Marvel Omnibus ,400.0,39.52,False
 Deadpool Mata El Universo Marvel Otra Vez Completo Televisa ,270.0,26.67,False
 Libro Rubius Virtual Hero Comic Youtuber Elrubiusomg Nuevo ,149.0,,False
 Funko Pop Animales Fantasticos Grindelwald Thestral 17 ,389.0,38.43,True
 Comic Marvel Monster Infinity Wars Libro 12 Español ,349.0,29.08,False
 Funko Pop Fantastic Beasts Animales Fantásticos Pickett ,399.0,39.42,True
 Cómic Marvel Monster Edition Spider-man City At War Gamer ,269.0,22.42,False
 Comic Marvel Monster Infinity Parte Dos Libro 8 Español ,349.0,29.08,False
 Marvel Monster Edition The Infinity War ,599.0,59.18,True
 La Antigua Republica 6 Star War Vol.18 Planeta De Agostini ,315.0,31.12,False
 Swamp Thing Vol.4 Alan Moore Vertigo ,300.0,29.64,False
 Comic Marvel Deluxe Generations Los Heroes Del Presente! ,299.0,24.92,True
" Enciclopedia Historia Visual Dc 1,2,3,4z,5,6,7,8 Nuevos ",200.0,19.76,False
 Funko Pop Pacha Las Locuras Del Emperador Envío Gratis ,319.0,31.51,True
 The Amazing Spider-man One More Day Marvel Best Sellers ,300.0,29.64,False
 Comic Dc Universe Rebirth El Boton Completo Cuatro Tomos ,299.0,24.92,False
 Comic Universe Rebirth Flash Volumen 1 El Rayo Golpea Dos ,249.0,20.75,False
 Comic The Walking Dead Tomo 28 Una Ruina Segura ,229.0,19.08,False
 Doctor Strange The Oath Portada 2 Marvel Monster Edition ,300.0,29.64,False
 Scooby Apocalypse Vol.1 Dc Aventuras ,300.0,29.64,False
 Watchmen Dc Deluxe Pasta Dura ,820.0,81.01,True
 Injustice Año 3 Vol.2 Dc Definitive Edition ,300.0,29.64,False
 Secret Empire Pasta Dura Editorial Televisa Hist. Completa ,599.0,59.18,True
 Wolverine: Infinity Watch - Marvel Comics ,210.0,20.75,False
 Injustice Gods Among Us: Año 4 Vol.2 Dc Definitive Edition ,300.0,29.64,False
 300 Bolsas 300 Cartones P/ Comic Standar 100 Bolsas P/deluxe ,532.0,52.56,True
 Green Lantern Rebirth Lo Mejor De Dc Vol.3 ,250.0,24.7,False
 Star Wars Legends Tomo 29 La Vieja República 1 En Español ,199.0,19.76,False
 Super Heroes Marvel Busto La Bestia ( Beast ) ,750.0,74.09,True
 Pride Of Baghdad Vertigo ,260.0,25.69,False
 Batman Vol.2 Ciudad De Buhos Dc Showcase ,250.0,24.7,False
 Deadpool Vol.1 (vol.1 Al 5) Tpb Coleccion Marvel 21 ,220.0,21.73,False
 Comic Marvel Deluxe Venomized Nuevo Y Sellado Español ,599.0,49.92,True
 [español] Amazing Fantasy #15 Primera Aparición Spiderman ,79.0,,False
 Harley Quinn Rebirth Vol.3 Carne Roja Televisa Tpb ,240.0,23.71,False
 Dc Universe Batman Detective Comics Volumen 8 Desde Afuera ,169.0,14.08,False
 Hellblazer Vol.4 (vol.19 Al 23) Vertigo Tpb ,240.0,23.71,False
 Untold Legend Of The Batman Completo Dc Comic Televisa 2019 ,250.0,24.7,False
 Invader Zim 1 A 8 Nuevos Español ,325.0,32.11,False
 Flash Rebirth Vol.4 Corriendo Con Miedo Televisa Dc Tpb ,240.0,23.71,False
 Comic Avengers Eart's Mightiest Heroes Volumen 2 Tour Mundia ,189.0,15.75,False
 Comic Manual Del Guerrero Kundalini Tomo 1 Oscar Gonzalez ,199.0,16.58,False
 Batman Vol.7 La Boda Tpb Televisa ,220.0,21.73,False
 Sword Art Online Sao Funda Cojin Kirito Espada Elucidator ,199.0,,False
 Comic Hellboy Vol. 2 Despierta Al Demonio Completo Sellado ,249.0,20.75,False
 Batman Venom Dc Definitive Edition ,360.0,35.57,False
 Superman Tierra Uno Dc Definitive Edition ,220.0,21.73,False
 Colección Jim Starlin 3. El Guantelete Del Infinito ,1400.0,116.67,True
 [español] Dc Semanal: V For Vendetta #2 (de 10) ,55.0,,False
 Comic Spider-gwen 1 V2 2015 Certificado De Autenticidad ,800.0,,True
 Marvel Movie Collection Fasiculo 9 Winter Soldier Esc 1:16 E ,570.0,56.31,True
 The Avengers Earths Mightiest Heroes Guerra De Los Vampiros ,189.0,15.75,False
 Comic Dc Universe Flash Volumen 6 Un Frio Dia En El Infiern ,179.0,14.92,False
 Giant Size Little Marvel A Vs X Marvel Aventuras ,220.0,21.73,False
 La Muerte De La Antorcha Humana Marvel Monster Edition ,210.0,20.75,False
 Libro: El Retrato De Dorian Grey Autor: Oscar Wilde ,135.0,,True
 Marvel Smash Mystery Pack Con Cuatro Comics Sorpresa ,119.0,11.76,False
 Batman Vol.8 Dias Frios Tpb Televisa ,220.0,21.73,False
 Predator Depredador Vol.1 Dark Horse Onmibus ,620.0,61.25,True
 Venom Vs Spiderman 1 Todd Mcfarlane Marvel Comics 300 ,65.0,,False
 Dark Nights Metal Batman Murder Machine Vol.1 Televisa 2018 ,109.0,10.77,False
 Joker Dc Black Label Deluxe Pasta Dura ,650.0,64.21,True
" Daytripper ,definitive Edition Vertigo Comics Edit. Televisa ",329.0,32.5,False
 Comic Dc He-man / Thundercats # 1 Carton Y Bolsita! ,55.0,,False
 Dark Nights Metal Vol.4 Variante Jim Lee Dc Televisa 2018 ,152.0,15.02,False
 Dark Nights Metal Vol.3 Variante Andy Dc Comic Televisa 2018 ,117.0,11.56,False
 Comic Batman The Dronwed Dark Nights Metal Edicion Especial ,109.0,9.08,False
" Dc Comics, Dark Nights Metal: Rising, Deluxe, Español ",549.0,54.24,True
 Colección Infinity Thanos 9 Tomos Editorial Televisa Español ,3599.0,355.55,True
 Naruto Banda Konoga Renegado Grabada En Acero Inoxidable ,185.0,18.28,True
 Spider-verse Vol.1 Y 2 Marvel Deluxe Pasta Dura ,1800.0,177.83,True
 Marvel Zombies Return Vol.5 Marvel Semanal Televisa 2018 ,59.0,,False
 Dark Nights Metal Hawkman Found Vol.1 Dc Televisa 2018 ,109.0,10.77,False
 Dk3 Vol.2 Variante Frank Milller Dc Comic´s Televisa 2018 ,134.0,13.24,False
 Batman Rebirth Vol.12 El Boton 1 Dc Comic´s Televisa 2018 ,77.0,,False
 Comic Marvel Spiderman /deadpool 31 Area 14 Español ,65.0,,False
 Batman Detective Comic Vol.1000 Jock Dc Televisa 2019 ,130.0,12.84,False
 Spider-man Venganza De Green Goblin Editorial Vid Mexico ,117.0,11.56,False
 Dk3 Vol.6 Variante Greg Tocchini Dc Comic´s Televisa 2018 ,134.0,13.24,False
 Comic The Batman Who Laughs #5 Español Metal ,89.0,,False
 Daredevil / Thor Numeros Sueltos Televisa ,45.0,,False
 Dk3 Vol.5 Variante Frank Miller Dc Comic´s Televisa 2018 ,134.0,13.24,False
 Dk3 Vol.9 Variante Frank Quitely Dc Comic´s Televisa 2018 ,134.0,13.24,False
 Comic Set - Spider-man Renew Your Vows #11 Campbell Firmado ,3950.0,390.23,True
 Dk3 Vol.7 Variante Frank Miller Dc Comic´s Televisa 2018 ,134.0,13.24,False
 Batman White Knight Vol.4 Variante Dc Semanal Televisa 2018 ,117.0,11.56,False
 Dk3 Vol.6 Variante Frank Miller Dc Comic´s Televisa 2018 ,134.0,13.24,False
 Comic Batma Detective Comics # 880 Edicion Especial ,99.0,,False
 Comic The Batman Who Laughs #7 Ultimo Número Español ,89.0,,False
 Batman Who Laughs Grim Knight Dc Comic´s Televisa 2019 ,109.0,10.77,False
 Comic Dc Universe Superman # 17 Declaracion ,55.0,,False
 Dark Nights Metal Batman Lost Vol.1 Dc Televisa 2018 ,109.0,10.77,False
 The Amazing Spider-man Vol.68 Marvel Televisa 2012 ,65.0,,False
 Dark Nights Metal Wild Hunt Vol.1 Dc Televisa 2018 ,109.0,10.77,False
 Marvel Movie Collection Fasiculo # 23 Iron Man (mark Xlvi) ,498.0,49.2,False
 Comic Marvel Monster Edition The Infinity War Libro 5 Sellad ,599.0,49.92,True
 Libro: Nunca Mas Autor: Edgar Allan Poe ,135.0,,True
" Comics Andanzas De Aniceto (1987-1988), Editormex ",45.0,,False
 Caja Con 50 Sobres De Estampas Panini Liga De La Justicia ,220.0,21.73,False
 Batman Tmnt Tortugas Ninjas 3 Vol.2 Dc Televisa 2019 ,59.0,,False
 Marvel Mons Edition The Infinity Gauntlet Las Consecuencias ,549.0,54.24,True
 Comic Ingles Venom The War Of The Realms No.14 Marvel ,85.0,,False
 Clorox Toallitas Desinfectantes Aroma Fresco ,200.0,,False
 Amazing Spider-man Vol.793 Marvel Televisa 2018 ,77.0,,False
 The Amazing Spider-man Vol.67 Marvel Televisa 2012 ,65.0,,False
" Grandes Autos Memorables - Varios Numeros, Cada Uno Por ",359.0,35.47,False
 Heroes In Crisis Vol.2 Dc Comic Televisa 2019 ,77.0,,False
 Comic Marvel Spider-geddon # 1 Portada Variante Español ,65.0,,False
 Libro Marvel Avengers Guia De Personajes Ultimate ,450.0,,False
 Comic Watchmen # 11 Español Carton Bolsa Gratis Alan Moore ,65.0,,False
 Batman Vol.28 Variante Jim Lee 1 Dc Comic´s Televisa 2019 ,81.0,,False
 Dc Comics Suicide Squad Black Files # 3 Klarion Liberadol ,59.0,,False
 Batman Rebirth Vol.11 Soy Bane Dc Comic´s Televisa 2018 ,77.0,,False
 Comic Batman Who Laughs No.5 Dc Universe (ingles) ,80.0,,False
 Harley Quinn Vol.30 Variante Dc Comic´s Televisa 2018 ,65.0,,False
" Bolsa De Papel Tory Burch, O Swarovski ",199.0,19.66,True
 Comic Batman No.52 (ingles) Dc Universe ,90.0,,False
 The Amazing Spider-man Vol.74 Marvel Televisa 2013 ,65.0,,False
 Amazing Spider-man Vol.4 Marvel Televisa 2014 ,77.0,,False
 Batman Rebirth Vol.9 Azoteas Dc Comic´s Televisa 2018 ,77.0,,False
 Heroes In Crisis Vol.9 Dc Comic Televisa 2019 ,77.0,,False
 Marvel Movie Collection Fasiculo # 22 Yellow Jacket Sellado! ,498.0,49.2,False
 Batman Rebirth Vol.6 Soy Suicida Dc Comic´s Televisa 2018 ,77.0,,False
 Superman Action Comics Rebirth Vol.4 Dc Comic Televisa 2018 ,77.0,,False
 Superman Action Comics Rebirth Vol.8 Dc Comic Televisa 2018 ,77.0,,False
 Green Lantern Corps Rebirth Vol.13 Dc Comic Televisa 2018 ,77.0,,False
 Wonder Woman Rebirth Vol.13 Dc Comic´s Televisa 2018 ,77.0,,False
 Green Lantern Corps Rebirth Vol.8 Dc Comic Televisa 2018 ,77.0,,False
 Comic Batman Beyond No.23 (ingles) Dc Universe ,90.0,,False
 Peter Parker Spider-man Vol.299 Marvel Televisa 2018 ,77.0,,False
 Wonder Woman Vol.28 Dc Comic´s Televisa 2019 ,77.0,,False
 Old Man Logan Vol.2 Secret Wars Marvel Semanal Televisa 2015 ,53.0,,False
 Paquete De Boldas Y Cartones P/comics Respaldo Y Proteccion ,145.0,14.32,False
 Spider-man Blue Saga Completa 6 Comics Marvel Televisa 2016 ,350.0,34.58,False
 Futures End Vol.10 Dc Comic´s Televisa 2015 ,94.0,,False
 Spider-verse Vol.2 Marvel Semanal Televisa 2015 ,77.0,,False
 Spider-woman Vol.4 Spider-verse Marvel Televisa 2015 ,77.0,,False
 Edge Of Spider-verse Vol.2 Marvel Semanal Televisa 2015 ,77.0,,False
 Set Porta Vasos Duff Simpsons ,140.0,11.67,False
 Taza Magica Dragon Ball Super Goku Ultra Instinto Dominado. ,236.0,19.71,True
 Yuri On Ice Cuaderno 5 Modelos Libreta ,89.0,,False
 Libreta Star Wars Cuaderno Varios Modelos Hojas Adornadas ,89.0,,False
 Justice League No Justice Vol.2 Dc Comic Televisa 2019 ,77.0,,False
 Batgirl Rebirth Vol.14 Dc Comic´s Televisa 2019 ,77.0,,False
 Spider Gwen Vol.3 Variante Marvel Televisa 2015 ,65.0,,False
 Collar Rey De Los Mares Como El De La Peli Aqua Verde ,239.0,19.92,True
 Green Lantern Vol.0 Dc Comic´s Televisa 2013 ,65.0,,False
 Batman Detective Comic Rebirth Vol.16 Dc Comic Televisa 2018 ,77.0,,False
 Batman Tmnt Tortugas Ninjas 2 Vol.1 Dc Televisa 2018 ,53.0,,False
 Karmatron Y Los Transformables Lote 11 Comics Nueva Epoca ,650.0,,True
 X-men Segunda Venida Capitulo 13 Marvel Televisa 2011 ,77.0,,False
 Flash Rebirth Vol.3 Dc Comic´s Televisa 2017 ,77.0,,False
 Superman Action Comics Rebirth Vol.9 Dc Comic Televisa 2018 ,77.0,,False
 Batman Sins Of The Father Vol.3 Dc Comic Televisa 2019 ,77.0,,False
 Comic Dc Semanal: Batman: Sins Of The Father #2 (de 6) ,59.0,,False
 Set De 3 Comicsdc Injustice 1 Harley Quinn+2 Comics Sorpresa ,320.0,,True
 Comic Marvel Symbiote Spider-man #4 (de 5) Español ,49.0,,False
 Comic Spider Geddon No.2 Marvel (ingles) ,80.0,,False
 Cómic Dc Universe New Justice League Especial 1 Nuevo Pak ,49.0,,False
 Amazing Spider-man Vol.11 Marvel Televisa 2016 ,65.0,,False
 Harley Quinn Vol.29 Dc Comic´s Televisa 2018 ,53.0,,False
 The Avengers La Guia Maxima De Los Super Heroes Mas Grandes ,599.0,,True
 Batman Vol.25 Año Cero Dc Comic´s Televisa 2014 ,65.0,,False
 The Man Of Steel Vol.2 Dc Comic Televisa 2019 ,77.0,,False
 Batman Vol.26 Dc Comic´s Televisa 2014 ,65.0,,False
 Green Lantern Vol.6 Dc Comic Televisa 2019 ,59.0,,False
 Comics Spider-verse Spider Verse 1 Y 2 Completo Español ,800.0,66.67,True
 Batman Eternal Vol.1 Dc Comic´s Televisa 2015 ,65.0,,False
 Comic Dc Universe Rebirth Superman # 12 Superman Reborn ,59.0,,False
 Amazing Spider-man Vol.16 Marvel Televisa 2017 ,59.0,,False
 Spider-man Vol.50 Editorial Vid Mexico ,59.0,,False
 Batman Detective Comics Rebirth Vol.11 Dc Televisa 2018 ,59.0,,False
 Spider-man Deadpool Vol.1 Monster Unleashed Televisa 2017 ,59.0,,False
 Batman 497 Portada Con Overlay (dc 1993) Knightfall Pt 11. ,190.0,18.77,False
 Earth 2 Tierra 2 Vol.10 Dc Comic´s Televisa 2015 ,59.0,,False
 Ant-man Vol.5 Marvel Semanal Televisa 2018 ,53.0,,False
 Spider-man 100 Aniversario Marvel Semanal Televisa 2014 ,53.0,,False
 Wonder Woman Vol.1 Futures End Dc Comic´s Televisa 2015 ,59.0,,False
 Comic Batman New 52 # 27 Carton Y Bolsa Gratis Español ,49.0,,False
 Miles Spider-man Vol.16 Marvel Televisa 2017 ,53.0,,False
 Justice League Y Power Rangers Vol.2 Dc Comi Televisa 2017 ,53.0,,False
 Comic Universo Dc: Heroes In Crisis Dc Comics ,159.0,15.71,False
 Comic Death Of Spiderman Prelude (ingles) La Muerte De ,469.0,46.33,False
 Star Wars Legends Tomo 13 Los Cazarrecompensas ,199.0,19.76,True
 Hellboy Volumen 10: El Hombre Retorcido Y Otras Historias ,215.0,21.24,False
 Batman Damned Libro Dos ,149.0,14.72,False
 Comic Superman ,220.0,21.73,True
 Comic Batman Vid ,220.0,21.73,True
 Caja Para Comics Marvel Carnage Venom Amazing Spiderman Gwen ,339.0,33.54,False
 Comic Superman Xmen Batman ,200.0,19.76,True
" The Amazing Spiderman Pack 3x2 1, 2, 3 ",359.0,35.56,False
 Comic Rebirth Justice League Vol. 3 Eternos ,139.0,13.73,False
 True Believers Amazing Spiderman 300 (2018) Mcfarlane. ,120.0,11.85,False
 Comic Dc Deluxe New Edition Batman The Killing Joke Ingles ,399.0,33.25,False
 Bolsas Protectoras P/comics Tamaño Deluxe De Pasta Dura ,99.0,,False
" Novelas Inmortales, Revistas 80s Serie 200 Al 700 ",30.0,,False
 [español] Dc Semanal: V For Vendetta #1 (de 10) ,55.0,,False
 The Amazing Spider-man: La Última Cacería De Kraven ,389.0,38.53,False
 Paquete De Bolsas Y Cartones Protectoras Para Comic ,145.0,14.32,False
 Taza Magica Steelers Casco Premium! ,248.0,20.67,True
 Comic Dc Definitive Edition Injustice 2: Volumen 4 Sellado ,349.0,29.08,True
 Amazing Spiderman # 2 - Fresh Start -televisa ,80.0,,False
 Comic Silk # 1 Certificado De Autenticidad ,550.0,,True
" Spider Gwen Pack 3x2 1, 2 ,3 ",359.0,35.56,False
 Bakugan Bakubox 1 Bakugan+ 10 Figuras Accion 2 Pulgadas ,650.0,64.21,True
 25bolsas Y Cartones Tamaño Grande Para Comic ,70.0,,False
 Arma Tu X Wing Star Wars Planeta De Agostini Num. 1 Sellado. ,59.0,,False
 Avatar The Last Air Bender La Promesa 1 Español Nuevo ,167.0,16.5,False
 Karmatron Y Los Transformables Lote 10 Comics Nueva Epoca -2 ,699.0,,True
 Paquete Anillo Clark Prepa Small + Dije Viajero Villa Chica ,599.0,59.18,True
 Dc Comics Deluxe Superman Red Son Mark Millar Español ,399.0,33.25,False
 Camino A Secret Empire Marvel Aventuras ,300.0,29.64,False
 [español] Marvel Semanal: Man Without Fear #1 ,49.0,,False
 Funko Pop Marvel Loki Cromado Gold Dorado ,399.0,39.42,True
 Funko Pop Comics Hellboy: Hellboy With Jacket ,299.0,,False
 {español] Dc Semanal: He-man/thundercats #5 (de 6) ,49.0,,False
 Sakura Card Captor Pluma ,35.0,,False
 Spider Island (2016) $60 C/u ,60.0,,False
 Batman (2012-) $60 C/u ,60.0,,False
 Comic Dc Universe Rebirth Wonder Woman Volumen 1 Mentiras ,199.0,16.58,False
 V For Vendetta Venganza Deluxe Collector Comic + Mascara ,999.0,83.25,True
 [español] Dc Semanal: V For Vendetta #3 (de 10) ,55.0,,False
" 1,2,4,5 Y 6 De Scott Pilgrim Color Tapa Dura Español ",1940.0,191.66,True
 Comic El Cuervo The Crow James O ´ Barr En Español ,1099.0,91.58,True
 [español] Dc Universe Vs Masters Of The Universe #4 (de 6) ,55.0,,False
 La Bestia Comics Editorial Vid Años 90´s 30.00 C/u ,30.0,,False
 Comic Dc Clásicos Modernos: Batman Adventures Mad Love ,359.0,29.92,True
 Comic The Sandman Preludios Nocturnos 30 Aniversario Vol: 1 ,359.0,29.92,False
 Panini Comics Conan ,239.0,19.92,False
 Dc Comics Deluxe: Doomsday Clock Pasta Dura ,590.0,58.29,True
 The Watchmen Comic Nueva Edición Pasta Dura En Español ,680.0,67.18,True
 Detective Comics Vol.9 Desfigura El Rostro Tpb ,220.0,21.73,False
 Comic Marvel Best Sellers The Avengers Disassembled Sellado ,199.0,16.58,False
 Comic Hellboy # 4 La Mano Derecha De Perdicion Mike Mignola ,249.0,20.75,False
 Comic Spawn # 250 Nuevo Sellado Editorial Kamite ,109.0,9.08,False
 Juego De Tronos Comics Precuela Caballero Errate Espada Leal ,1017.0,100.47,True
 The Witcher Vol 1 Casa De Cristal Sellado !! ,215.0,21.24,False
 Figura De Extraño Mundo De Jack Disney Behenoth Coapse ,849.0,83.87,True
 Dc Comics All-star Superman Black Label Pasta Dura Deluxe ,550.0,54.34,True
 Batman Damned (black Label) Comic 3 (2019) 1ra Edicion. ,700.0,58.33,True
" The Killing Joke, Deluxe Edition Ingles Pasta Dura ",549.0,45.83,True
 Comic Green Lantern Renacimiento # 1 Editorial Vid Español ,49.0,,False
 Batman Who Laughs Vol.5 Dc Comic´s Televisa 2019 ,109.0,10.77,False
 Batman Who Laughs Vol.4 Dc Comic´s Televisa 2019 ,109.0,10.77,False
 Reloj De L De Death Note Acero Inoxidable ,280.0,27.74,True
 Funko Pop Iron Fist Gold And White Costume Marvel ,899.0,74.92,True
 Comic Wonder Woman No.56 Dc Universe (ingles) Metalizada ,100.0,9.88,False
 Dc Black Label Kingdom Come ,549.0,54.24,True
 Batman Rebirth Vol.10 Soy Bane Dc Comic´s Televisa 2018 ,77.0,,False
 Justice League Dark Vol.7 Dc Comic´s Televisa 2019 ,77.0,,False
 Batman Saga De La Corte De Los Buhos De Dc Comics Mexico ,520.0,51.37,True
 Avengers Elige Modelo -thor-dr Extraño-iron Man-capi-widow ,339.0,33.49,True
 Watchmen Dc Modern Classics Edition Comic Pasta Dura Ingles ,999.0,83.25,True
 Forever Evil Serie Completa 22 Comic Dc Comic´s Televisa ,1298.0,128.23,True
 Ironman Compatibles Infinity War 8fig ¡envio Gratis! . ,449.0,44.36,True
 The Avengers ,350.0,,False
 La Saga Del Traje Alienígena ,400.0,39.52,False
 Clásicos Ilustrados Editorial La Prensa Vintage 70's ,90.0,,False
 Fear Itself The Fearless Completa 12 Núm. Editorial Televisa ,499.0,49.3,True
 Funko Pop Dr Strange ,469.0,46.33,False
" Kaliman, Águila Solitaria, Samurai, Orión, Arandú, Completas ",399.0,33.33,False
 Comic Spider Gwen Campbell Spider Women #7 Variant ,110.0,,False
 The League Of Extraordinary Gentlemen Vol 2 Planeta ,499.0,49.3,True
 Dc Superhéroes Alex Ross Pasta Dura Editorial Televisa ,490.0,48.41,False
 Pride Of Baghdad Seven Pecados Capitales Legends Enchanted ,479.0,39.92,True
 Funko Rock Candy Lady Thor Marvel Figure Vinyl ,849.0,70.75,True
 Dc Black Label: Batman: Damned ,459.0,45.35,False
 Karmatron Y Los Transformables Lote 10 Comics Nueva Epoca -3 ,699.0,,True
 Comic Marvel Deluxe Spider-man Deadpool Pasta Dura ,398.0,39.32,False
 Comic Punk Rock Jesus ,449.0,37.42,False
 Ceramic Mug Taza Funko Pop! Kylo Ren Star Wars Skywalker ,399.0,39.42,False
 Halcon Milenario - Fasciculo 34 - Planeta Deagostini ,405.0,40.01,True
 Daredevil Born Again Marvel Monster Edition ,375.0,37.05,False
 Arma Tu R2- D2 Star Wars Planeta Deagostini ,399.0,39.42,False
 X-men 1 Holograma Promocional Plata De Jim Lee 1992. ,390.0,38.53,False
 Aviones De Combate Salvat Lf/a-18e Super Hornet Eagles No 03 ,1249.0,123.39,True
 Halcon Milenario - Fasciculo 31 - Planeta Deagostini ,405.0,40.01,True
 Libro Supervillanos Dc Comics Panini Historia Visual Batman ,399.0,39.42,True
 Back To The Future 1 A 11 Volver Al Futuro Español Nuevo ,499.0,49.3,True
 Anillo Pantera O De Su Primo Incluye Cadena ,353.0,34.87,True
 Spiderman 1 (marvel 1990) En Bolsa Mcfarlane.newsst Edition. ,320.0,31.61,False
 The Books Of Magic Neil Gaiman Pasta Dura Editorial Televisa ,379.0,37.53,False
 Halcon Milenario - Fasciculo 13 - Planeta Deagostini ,375.0,37.05,True
 Cómic Marvel Smash Clásicos The Amazing Spiderman Número 1 ,299.0,29.54,False
 Comic The Infinity War Marvel En Ingles ,699.0,58.25,True
 1000 Bolsas Y 1000 Cartones Marca Weapon X Cómics ,2600.0,256.86,True
 1 Gorra Bat Man Hombre Murciélago Dc Comics Coleccion ,68.0,,False
 Marvel Deluxe Daredevil: Born Again ,409.0,40.41,False
 Comic - Amazing Spider-man #800 Scott Campbell C Black Cat ,2500.0,246.98,True
 Funko Pop Gwenpool With Phone Exclusive Marvel Collectable ,699.0,58.25,True
 Marvel Grandes Eventos Marvel Zombies ,350.0,34.58,False
 Reign Of The Supermen Set De 4 Comics Portadas Die-cut. ,320.0,31.61,False
 Cómic El Ombligo De La Luna ,350.0,34.58,False
 Injustice Ground Zero Volumen 2 - Dc Comics Definitive ,300.0,29.64,True
 Dije + Aretes Hermoso Set Wonder Woman Mujer Maravilla Igo ,299.0,29.54,False
 La Muerte De Superman (edición Deluxe) ,2200.0,183.33,True
 Primera Aparicion De Superman & Batman ,300.0,29.64,True
 Ultimate Spiderman 160 (marvel 2011) En Bolsa Sellada. ,140.0,13.83,False
" Lost At Sea, Brian O Malley Kamite Pasta Suave ",269.0,26.57,False
 Spider-man - Miles Morales Volumen 4: Demonios Internos ,250.0,24.7,True
" Super Heroes Marvel Bustos Planeta Agostini 24, 27 Al 33 ",760.0,75.08,True
 Wolverine: Old Man Logan (inglés) Pasta Dura ,779.0,76.96,True
 Amazing Spiderman - Volumen 1 - Televisa ,299.0,29.54,False
 Star Wars Legends Tomo 26 Infinities 1 En Español ,199.0,19.76,True
 Old Man Logan Deluxe En Español Editorial Televisa ,650.0,64.21,True
 Aretes Potara Fusion Zamazu Y Gohan Blue Acero Inoxidable ,165.0,16.3,False
 Dc Semanal: Batman/teenage Mutant Ninja Turtles 3 ,280.0,27.66,False
 Superman: ¿que Sucedio Con El Hombre Del Mañana? - Dc Comics ,220.0,21.73,True
" Gran Espectaculo Secreto Vol. 1 , El - Clive Barker / Norma ",799.0,,True
 El Asombroso Hombre Araña Presenta 192 Números 80.00 C/u ,80.0,,False
 Asterix El Libro De Oro Salvat Num 10 Envio Incluido ,569.0,56.21,True
 Comic Rick And Morty 18 Tomos 01 - 18 Nuevo Sellado Kamite ,899.0,74.92,True
 Asterix La Hoz De Oro Salvat Integral Num 11 Envio Incluido ,565.0,55.82,True
 Cómic X-men Apocalypse Vol. 3 ,230.0,22.72,False
 Karmatron Y Los Transformables Lote 10 Comics Nueva Epoca -5 ,699.0,,True
 Coco Libro De Stickers ,170.0,16.79,False
 Spiderman 1 (marvel 1990) Portada Plateada. Todd Mcfarlane. ,245.0,24.2,False
 Batman Y Robin Eternal Serie Completa 19 Comic Dc Comic´s ,1100.0,108.67,True
 Justice League Volumen 6: La Gente Vs La Liga De La Justicia ,260.0,25.69,True
 Batman & Teenage Mutant Ninja Turtles 3 - Dc Comics ,250.0,24.7,False
 Comic 100 Page Giant #5 Dc Comics Batman ,320.0,,True
 Dc Action Comícs Deluxe 80 Años De Superman Televisa ,690.0,68.17,True
 Star Wars Legends Tomo 21 La Búsqueda De Vader ,199.0,19.76,True
 Comic The Mighty Thor Vol. 1 Trueno En Sus Venas ,219.0,21.64,False
 La Princesa Y El Señor Fu ... Patrick Rothfuss ,549.0,54.24,True
 Valentina ( Tetralogía De Baba Yaga) ... Guido Crepax ,549.0,54.24,True
 Batman Dark Nights Metal Portada 1 Dc Deluxe Pasta Dura ,770.0,76.07,True
 Caballeros Dorados Petite. Chibi. Aries-sagitario-capricorni ,120.0,11.85,False
 Comic John Wick Volumen 1 En Ingles ,489.0,40.75,False
 Dc Super Hero Girls Mitos Y Golpes Comic En Español ,170.0,16.79,False
 Kaliman Y Los Profanadores De Tumbas 50 Aniversario ,565.0,55.82,True
 Friday Fangs Yaoi Bl ,200.0,19.76,False
 Mascara De Deadpool Elaborada Con Lycra. ,150.0,14.82,False
 Alejandro Arreguin Funko ,678.0,66.98,True
" Batman #50 The Wedding, La Boda De Batman Regular Cover ",159.0,15.71,False
 [español] Marvel Aventuras The War Of The Realms ,149.0,14.72,False
 Fables Vol.1 Leyendas En El Exilio Vertigo Edit.televisa ,159.0,15.71,False
 La Espada Salvaje De Conan El Barbaro 38numeros 50.00 C/u ,50.0,,False
 Funko Pop Marvel ,160.0,15.81,False
 Spectacular Spiderman 189 Portada Con Holograma Newsstand Ed ,145.0,14.32,False
 Cómic Invincible Iron Man Vol. 2 Máquinas De Guerra ,139.0,13.73,False
 Joker (edición Deluxe) ,2100.0,175.0,True
 [español] The Amazing Spider-man: De Vuelta A Lo Básico ,179.0,14.92,False
 Comics 1300 Bolsas Protectoras Diversos Tamaños ,2300.0,227.22,True
" Justice League Vs Suicide Squad. Dc Cómics, Deluxe. ",600.0,50.0,True
 Publicación Estampas ,216.0,21.34,False
 Juego De 4 Pepsi Hologramas Marvel Cómics 1994 ,600.0,59.28,False
 Superman Man Of Steel 19 (dc 1993) Doomsday Parte 6. ,160.0,15.81,False
 Capitan America End Game Par De Escudos De Plastico ,599.0,49.92,True
 Cómic Invincible Iron Man Vol. 3 Civil War Ii ,139.0,13.73,False
 Revista Playmobil #1 Con Figura Capitán Pirata Y Calavera ,99.0,,True
 Comic Guardians Of The Galaxy Vol. 3 Civil War Ii ,139.0,13.73,False
 Cómic Teen Titans Go! Huele A Espíritu De Titán Adolescente ,139.0,13.73,False
 Noches Oscuras: Metal (edición Limitada Vinilo) ,2100.0,175.0,True
" Figuras Originales De Condorito, De Colección. Raras ",380.0,37.54,True
 Kaliman La Araña Negra: La Radionovela. Envío Grátis ,70.0,,False
 Comic Marvel Grandes Eventos Civil War Español Sellado ,499.0,41.58,True
 Marvel Comics # 1000 - Marvel Aventuras - P V 1 - Televisa ,120.0,11.85,False
 Comic - Amazing Fantasy #15 Reprint Spider-man ,390.0,38.53,False
 Comic Star Wars Presenta: Lando ,119.0,11.76,False
 Kaliman Los Asesinos De La Máscara Roja: La Radionovela ,70.0,,False
 Set De 3 Comics Green Arrow Y 2 Comics Sorpresa ,320.0,,True
 The Unbelievable Gwenpool # 13 - Variante - Televisa ,80.0,,False
 Tarjetas Pepsicards Dc ,20.0,,False
 [español] Action Comics ¿qué Sucedió Al Hombre Del Mañana? ,69.0,,False
 Preacher Coleccion 1 Al 6 Editorial Televisa ,2890.0,285.51,True
 Scooby Apocalypse Vol.1 Al 3 Completa Dc Aventuras ,815.0,80.52,True
" Libro: Vuelta Al Mundo En 80 Dias, La Autor: Julio Verne ",103.0,,True
 Diario De Nikki 11 Tomos ,2913.0,242.75,True
 Marvel Comics Old Man Logan Vol 3 4 Y 5 Precio C/u Env Grat ,650.0,64.21,True
 Gila El Sol Negro · Novela Gráfica Mexicana De Santarriaga ,80.0,,False
 Old Man Logan # 38 - Televisa ,80.0,,False
 52 Numeros Sueltos Vid ,50.0,,False
" Gran Espectaculo Secreto Vol. 2 , El - Clive Barker / Norma ",799.0,,True
 The Unbelievable Gwenpool # 14 - Editorial Televisa ,80.0,,False
 [español] Batman: Last Knight On Earth Libro Uno ,99.0,,False
 11 Comics Riverdale Tomos 1 A 10 Y One Shot Español Archie ,570.0,56.31,True
 The Unbelievable Gwenpool # 8 - Variante - Televisa ,80.0,,False
 Mix Q Mictlán - La Caneca Comicx - Carlos Ostos Sabugal ,79.0,,False
 Daredevil # 599 - Editorial Televisa ,80.0,,False
 [español] The Batman Who Laughs #4 ,69.0,,False
" Revistas Duda,existencia En La Descripcion,$50 C/u ",50.0,,False
 Symbiote Spiderman # 1 - Variante 2 - Editorial Televisa ,70.0,,False
 Iron Man Peli 3 Avengers Original En Caja 30 Cm Coleccion ,399.0,39.42,True
" Salvat, Supercars Autos A Escala 1:43 Del 1 Al 21 C/u Por ",399.0,33.25,False
 Spider - Geddon # 2 - Editorial Televisa ,80.0,,False
 Comic Batman / The Flash: The Button Deluxe Edition Ingles ,399.0,33.25,False
 Dc Comics Superman Despador Iman De Botellas Logo Plateado ,359.0,29.92,False
 [español] Dc Universe Vs Masters Of The Universe #3 (de 6) ,55.0,,False
 [español] Justice League Dark #1 ,45.0,,False
 Action Comic 80 Años De Superman Dc Deluxe Pasta Dura ,770.0,76.07,True
 Spider-man # 18 - Miles Morales - Televisa ,60.0,,False
 Amazing Spiderman # 8 - All New All Different - Televisa ,60.0,,False
 El Club De La Pelea 2 ... Chuck Palahniuk ( Cómic) ,399.0,39.42,True
 Set De Poker Y Ajedrez Miniatura Para Casa Muñecas E 1:12 ,330.0,27.5,True
 The Amazing Spider-man La Última Cacería De Kraven Marvel ,350.0,34.58,False
 Comic X Men Flip Book Cable Y X Force Hellrider ,20.0,,False
 Marvel Movie Collection Planeta Deagostini 2 Capitán América ,250.0,24.7,False
 Batman: The Button - Dc Comics Deluxe ,420.0,41.49,False
 El Bestiario De Morgenstern Firmado ,660.0,65.2,True
 Batman Hush Al Descubierto Dc Deluxe Pasta Dura ,650.0,64.21,True
 Secret Empire Marvel Deluxe Pasta Dura ,750.0,74.09,True
 Comic Flashpoint Edicion Deluxe Completo Importado Español ,699.0,58.25,True
 Hermelinda Linda Y Brujerias De Editomex De Los 60's Y 70's ,45.0,,False
 Crisis Final Muerte De Batman Editorial Vid ,650.0,64.21,True
 Comic Batman Noir: Hush (ingles) Pasta Dura ,889.0,87.83,True
 Crisis Infinitas Dc Definitive Edition ,600.0,59.28,True
" La Mascara Del Troll, El Rubius Virtual Hero 3 ",329.0,27.42,True
 The Amazing Spider-man 70th Marvel Omnibus ,620.0,61.25,True
 Joker: La Muerte De La Familia ,2600.0,216.67,True
 Silk Completa Marvel Televisa 2015 ,700.0,69.15,True
 Dark Nights Metal 4 Foil Dc Comics Español Portada Variante ,660.0,65.2,True
 Dc Comics Deluxe · Flashpoint En Español ,360.0,30.0,False
 Serie Completa Ultimates Marvel Semanal Televisa 2011 ,755.0,74.59,True
 Banda Itachi Hoja Konoha Renegado Naruto 1m Envio Gratis! ,149.0,,True
 Dark Nights Metal Resistance Portada 2 Dc Deluxe Pasta Dura ,640.0,63.23,True
 Comic Scooby Doo Apocalipsis Volumen 3 Nuevo Envío Gratis ,350.0,34.58,True
 Batmam Año Uno Dc Deluxe Essential Pasta Dura ,600.0,59.28,True
 Marvel 3d Súper Héroes Figura Punisher #17 + Poster ,279.0,27.66,True
 Injustice Año 4 Vol.1 Y 2 Dc Definitive Edition ,650.0,64.21,True
 Juegos Del Hambre Pin Sinsajo Liberado Hunger Games Katniss ,59.0,,False
 La Noche Más Oscura Omnibus ,2500.0,208.33,True
 Las Doce Pruebas De Asterix Libro # 37 Salvat Coleccion ,350.0,34.58,False
 All Star Superman Dc Deluxe Pasta Dura ,650.0,64.21,True
 Comic Deluxe Superman Unchained Español Nuevo Y Sellado ,549.0,45.75,True
 The Umbrella Academy Vol. 2: Dallas ,225.0,22.23,False
 Termo Cilindrico Deadpool Con Tu Nombre. ,395.0,,True
 Predator Depredador Vol.2 Dark Horse Onmibus ,620.0,61.25,True
 Sagas Vol.2 Marvel Omnibus ,600.0,59.28,True
 X-men Saga De Fenix Oscura Variante Marvel Deluxe Pasta Dura ,650.0,64.21,True
 Los Simpson Comics 35 Numeros $40 C/u ,40.0,,False
 Taza Magica Dragon Ball Goku Y Milk Pareja Premium! ,238.0,19.83,True
 Secret Invasion Marvel Deluxe Essentials Pasta Dura ,590.0,58.29,True
 The Worlds Greatest Super Heroes Alex Ross Dc Deluxe ,620.0,61.25,True
 Vision Portada 2 Marvel Deluxe Pasta Dura ,640.0,63.23,True
 Comic The Sllver Surfer El Renacimiento De Thanos Libro 2 ,549.0,45.75,True
 Todo Mortadelo Y Filemon 35 Oferta ,159.0,13.25,False
 Comic Obras Completas De Frank Miller Spider-man Deluxe ,499.0,41.58,True
 Gears Of War Omnibus Volumen 1 Nuevo En Ingles ,489.0,40.75,True
 Comic Batman Earth One Volumen 1 Y 2 (ingles) ,589.0,58.19,True
 Preacher Vol.5 (vol.41 Al 54) Vertigo ,620.0,61.25,True
 Comic Marvel Venom: Culto A Carnage Sellado Español ,449.0,37.42,False
 Naruto Funda De Almohada Sasuke Katana Kunai ,99.0,,False
 Batman Saga Hush 6 Comics Editorial Vid Completa Español ,499.0,41.58,True
 Juegos Del Hambre Pin Sinsajo Liberado Hunger Games Katniss ,139.0,11.58,True
 La Muerte De Green Lantern ,2400.0,200.0,True
 Comic Deadpool Mata El Universo Marvel Otra Vez!! Ingles ,449.0,37.42,True
 Paquete Bolsas P/comics Normal Y Grande ,250.0,20.83,False
 Amazing Spider-man Marvel Omnibus ,470.0,46.43,False
 Front Line Marvel Monster Edition ,620.0,61.25,True
 Superior Spider-man Vol.1 Marvel Deluxe ,590.0,58.29,True
 Comic Dc Comics Saga Justice League America 10 Tomos ,499.0,41.58,True
 Comic Flash La Guerra De Flash Universo Dc ,159.0,15.71,False
 Dc Definitive Edition Batman Tierra Uno 2 Tomos Completa ,599.0,49.92,True
 Serie Completa Battle World Secret Wars 8 Comics Marvel 2015 ,450.0,44.46,False
 [español] Immortal Hulk Vol. 1 Recopilatorio ,169.0,16.7,False
 Sandman Vol.4 Estacion De Niebla Vertigo Neil Gaiman ,470.0,46.43,False
 Álbum Coleccionador Tarjetas Funko Pop ,99.0,,False
 Comic Vid Superman Y La Mujer Maravilla ,200.0,19.76,True
 Marvel - Civil War - Epilogo - Muerte Del Capitan America ,119.0,11.76,False
 Universo Dc: Heroes In Crisis ,169.0,16.7,False
 Batman: La Muerte De La Familia (edición Deluxe) ,1900.0,158.33,True
 Fantastic Four #1 Stanley Lau Artgerm Variant Cover (inglés) ,189.0,18.67,False
 {español] Dc Semanal: He-man/thundercats #1 (de 6) ,49.0,,False
 Sandman Vol.7 Vidas Breves Vertigo Neil Gaiman Pasta Dura ,490.0,48.41,False
 Comic Marvel Deluxe: The Superior Spider-man Vol. 3 ,499.0,41.58,True
 Funko Pop! Peter Parker (spiderman) #404 ,350.0,29.17,False
 Termo Para Café Homero Simpson Estilo Starbucks ,385.0,,True
 100 Bolsas Protectora Comics Tamaño Monster/omnibus ,95.0,,False
 Ozma Of Oz Marvel Deluxe Pasta Dura ,420.0,41.49,False
 Revista Kaliman De Lujo Vintage ,40.0,,False
 Thanos El Origen Thanos Vol.0 Marvel Monster Edition ,450.0,44.46,False
 Deathstroke Vs. Batman Completo Dc Comics Televisa 2019 ,465.0,45.94,False
 Set Porta Vasos Duff Simpsons ,140.0,,False
 Joyas Literarias Juveniles 10 A Elegir Envíos Mínimos De 3 ,130.0,12.84,False
 50 Bolsas Protectora Para Comics Y 50 Cartones ,145.0,14.32,False
 Locke & Key. Comics ,40.0,,False
 Batman/flash: La Chapa (edición Deluxe) ,1500.0,125.0,True
 Cómics Marvel The Ultimates 2 Números Sueltos 2007 Varios ,59.0,,False
 Todo Mortadelo Y Filemon 35 Oferta ,159.0,,False
 [español] The Batman Who Laughs: Grim Knight #1 ,69.0,,False
 Uncanny X-force Marvel Omnibus ,400.0,39.52,False
 Sandman Cazadores De Sueños Pasta Dura Vertigo Neil Gaiman ,650.0,64.21,True
 Boba Fett 1 Comics Star War Vol.60 Planeta De Agostini ,400.0,39.52,False
 Flashpoint Dc Showcase ,360.0,35.57,False
" Posters De Marvel End Game, Infinity War, Civil War,etc. ",78.0,,False
 Superior Carnage Serie Completa Marvel Semanal Televisa 2014 ,350.0,34.58,False
 Paquete Infinity Vol.1 Al 6 Marvel Semanal Televisa 2014 ,462.0,45.64,False
 Dc Legion Of Collectors Wonder Woman With Invisible Jet ,449.0,44.46,True
" Comics La Banda Timbiriche (1984-1985), Editorial Proyección ",80.0,,False
 Harley Quinn. Comics. Portada Variante ,50.0,,False
 Comic Dc Essential: Crisis Infinita Nuevo Y Sellado ,449.0,37.42,True
 X-men 1 Portada De Beast-storm (marvel 1991) Jim Lee. ,100.0,9.88,False
 Dc Semanal He Man Thundercats ,85.0,,False
 Dc Universe Vs Masters Of The Universe Completa Televisa ,470.0,46.43,False
 Daytripper Vertigo ,410.0,40.5,False
 Funko Pop Envió Universal Kraken Shop Miguel Alanis ,120.0,11.85,True
 Batman Año Uno Lo Mejor De Dc Vol.6 ,420.0,41.49,False
 Minimum Carnage Serie Completa Marvel Semanal Televisa 2013 ,400.0,39.52,False
 Comic Historias De La Rebelion Secret Empire Sellado Español ,299.0,24.92,True
 Dk 3. The Master Race. Dc Comics ,80.0,,False
 Cataclysm Cataclismo Ultimate Comics Marvel Omnibus ,380.0,37.54,False
 Superman El Hombre De Acero Numeros Sueltos Vid ,50.0,,False
 Heredero Del Imperio 2 Star War Vol.41 Planeta De Agostini ,375.0,37.05,False
 Dorothy And The Wizard In Oz Marvel Deluxe Pasta Dura ,420.0,41.49,False
 Operación Bolivar - Edgar Clement Nuevo Español ,250.0,24.7,False
 The Man Of Steel Completo Dc Comic Televisa 2019 ,470.0,46.43,False
 Deadpool Back In Black Completa Marvel Televisa 2018 ,330.0,32.6,False
 Dc Comics En Inglés Superman/batman Tomos Sueltos 1-19 2003 ,80.0,,False
 X-men The Age Of Apocalypse Vol.2 Marvel Omnibus ,420.0,41.49,False
 Comic Saga 6 Tomos Spider-man Blue Jeph Loeb Español ,299.0,24.92,False
 [español] Dc Semanal: V For Vendetta #7 (de 10) ,49.0,,False
 X-men The Age Of Apocalypse Vol.3 Marvel Omnibus ,420.0,41.49,False
 Comic Dc Comics Deluxe Batman Dark Knight Saga Frank Miller ,599.0,49.92,True
 Comic Marvel Thanos El Origen Libro Cero Sellado ,399.0,33.25,False
 Comic Bestseller X-men Messiah Complex 2 Tomos Completa ,399.0,33.25,True
 Batman The Killing Joke Dc Comic´s Televisa 2017 ,77.0,,False
 Spiderman - Deadpool # 37 - Editorial Televisa ,80.0,,False
 The Inmortal Hulk # 10 - Marvel Televisa ,80.0,,False
 Superior Spider-man Vol.2 Marvel Aventuras ,300.0,29.64,False
 Termo Homero Simpson Personalizable ,385.0,32.08,True
 Tony Stark - Iron Man # 4 - Televisa ,80.0,,False
 Comic Ninja Turtles Tortugas Tmnt No.68 Idw La Mole Ingles ,349.0,34.48,False
 Spider - Geddon # 4 - Editorial Televisa ,80.0,,False
 Comic Chilling Adventures Of Sabrina Español Kamite Netflix ,295.0,24.58,False
 Comic Scott Pilgrim Y Las Maravillas De Su Vida # 5 Tpb ,339.0,28.25,False
 Libro: El Maestro Y Margarita Autor: Mijaíl Bulgákov ,199.0,,True
 Dc Comics No Justice Justice League Saga Completa 4 Tomos ,298.0,24.83,False
 Termo Homero Simpson Personalizable ,385.0,32.08,True
 Ant-man # 2 - Editorial Televisa ,70.0,,False
 Tiempos Oscuros 3 Star Wars Vol.29 Planeta De Agostini ,345.0,34.08,False
 Funko Pop Hulk Navideño Navidad 398 ,419.0,41.39,True
 Libro: Vuelta Al Mundo En (nov. Gráfica) Autor: Julio Verne ,157.0,,True
" Cómic Historia Del Hombre, Fundación Cultural Televisa 1979 ",40.0,,False
 Comic Marvel Edge Of Spider-geddon Saga Completa Nuevos ,299.0,24.92,False
 El Poder De La Fuerza Star Wars Vol.31 Planeta De Agostini ,345.0,34.08,False
 Rebelion 1 Star Wars Vol.37 Planeta De Agostini ,345.0,34.08,False
 The Amazing Spider-man Vol. 1 Al 6 - Marvel Comics ,1250.0,123.49,True
 Friendly Neighborhood Spiderman # 5 - Editorial Televisa ,80.0,,False
 Capitana Marvel Secret Wars Completa Nyv Televisa 2016 ,400.0,39.52,False
 El Mago De Oz Colección Completa Skottie Young Pasta Dura ,1390.0,137.32,True
" Mini Ciencia Ficcion, Mas De 30 Comics Vid De Los 80´s ",30.0,,False
 Enciclopedia Marvel Vol.85 Lomo Vol.86 Universo Marvel 11 ,340.0,33.59,False
 Cosmic Ghost Rider Completo Marvel Semanal Televisa 2019 ,385.0,38.03,False
 [español] Friendly Neighborhood Spider-man #5 (de 5) ,59.0,,False
 Batman Saga De La Corte De Los Buhos Dc Deluxe Essential ,580.0,57.3,True
 Figura Funko Pop Jurassic Park Tyrannosaurus Rex 548 Nuevo ,389.0,38.43,True
 Umbrella Academy Vol.1 Televisa Dark Horse Books ,290.0,28.65,False
 Preacher Vol.2 (vol.13 Al 26) Vertigo ,460.0,45.44,False
 The Boys Vol.7 Los Inocentes Panini Pasta Dura ,340.0,33.59,False
 Super Heroes Marvel Busto Ronan El Acusador #49 ,760.0,75.08,True
 Batman Detective Comics Vol.2 Dc Absolute ,420.0,41.49,False
 X-men Los Numeros Perdidos Marvel Omnibus ,360.0,35.57,False
 Comic Marvel Monster Edition Carnage Wells Español ,349.0,29.08,False
 Enciclopedia Marvel Vol.9 Lomo Vol.10 Avengers 2 ,340.0,33.59,False
 Injustice Gods Among Us: Año 5 Vol.1 Dc Definitive Edition ,300.0,29.64,False
 Superman Unchained Dc Deluxe Pasta Dura ,600.0,59.28,True
 Thanos La Revelacion Infinita Marvel Monster Edition ,300.0,29.64,False
 The Watchmen # 8 - Televisa ,70.0,,False
 The Watchmen # 11 - Televisa ,70.0,,False
 Figura Funko Pop! Television Laura Palmer Twin Peaks 447 ,370.0,36.55,True
 The Watchmen # 5 - Televisa ,70.0,,False
 The Watchmen # 7 - Televisa ,70.0,,False
 The Watchmen # 10 - Televisa ,70.0,,False
 The Watchmen # 9 - Televisa ,70.0,,False
 Enciclopedia Marvel Vol.89 Lomo Vol.90 Universo Marvel 15 ,340.0,33.59,False
 Comic Star Wars Darth Vader Sombras Y Secretos Vol: 2 Nuevo ,159.0,13.25,False
 Flashpoint ,1260.0,105.0,True
 Imperio 1 Star Wars Vol.32 Planeta De Agostini ,345.0,34.08,False
 Dark Avengers Marvel Best Sellers ,300.0,29.64,False
 Enciclopedia Marvel Vol.13 Lomo Vol.14 Doctor Strange 1 ,340.0,33.59,False
 Las Primeras 3 Apariciones De Spider-man ,1000.0,98.79,True
 Uncanny Avengers #21 10% De Descuento ,23.0,,False
 Termo Para Café Starbuks Krusty El Payaso Simpsons ,385.0,,True
 Enciclopedia Marvel Vol.2 Avengers Vol.1 Y Iron Man Vol.1 ,340.0,33.59,False
 Clasicos 11 Star War Vol.11 Planeta De Agostini ,315.0,31.12,False
 Spiderman La Saga Del Traje Alienígena Completa Español ,1150.0,95.83,True
 Daredevil Shadowland Marvel Monster Edition ,260.0,25.69,False
 Daredevil Vol.1 (vol.1 Al 5) Tpb Coleccion Marvel 16 ,240.0,23.71,False
 Mochila Supervivencia Envio Gratis. ,600.0,,True
 Funko Pop Avengers Infinity War Capitan Captain America 288 ,429.0,42.38,True
 Comic Dc Definitive Edition Batman Venom Nuevo Y Sellado ,299.0,24.92,False
 Comic: Sandman Libro # 7 Vidas Breves Neil Gaiman ,399.0,33.25,False
 Enciclopedia Marvel Vol.11 Lomo Vol.12 X-men 1 ,340.0,33.59,False
 Guerra De Los Clones 6 Star Wars Vol.25 Planeta De Agostini ,345.0,34.08,False
 Termo Para Café Monster Musume Estilo Starbucks ,385.0,,True
 The Boys Vol.2 Recibir Panini Pasta Dura ,310.0,30.63,False
 Super Heroes Marvel Busto La Avispa ( Wasp ) 43 ,750.0,74.09,True
 Civil War Marvel Grandes Eventos ,360.0,35.57,False
 Comic Marvel Monster Edition La Muerte De Wolverine Español ,249.0,20.75,False
 Comic American Vampire Volumen 1 Vertigo Scott Snyder ,299.0,24.92,True
 Enciclopedia Marvel Vol.76 Lomo Vol.77 Universo Marvel 2 ,340.0,33.59,False
 Dc Comic Sociedad De La Justicia De America 4 Tomos 01 - 04 ,199.0,16.58,False
 The Boys Vol.6 Sociedad Del Instituto Panini Pasta Dura ,310.0,30.63,False
 Mad Sergio Aragones/ 5 Décadas De Sus Mejores Obras ,300.0,29.64,False
 Tortugas Ninja Tmnt Black Y White Vol.1 Bruguera México 2014 ,99.0,,False
 Vegito Ssgss Goku Kuririn Trunks Dragon Ball Super Funko Pop ,535.0,44.64,True
 Comic Marvel Phoenix Resurreccion El Regreso De Jean Grey ,299.0,24.92,True
 Comic The Avengers Earths Mightiest Heroes: Huésped Final ,169.0,14.08,False
 Funko Pop Marvel Thor Ragnarok Hela 243 Funko Movies ,365.0,36.06,True
 Imperio 4 Star Wars Vol.35 Planeta De Agostini ,345.0,34.08,False
 Batman Jekyll Y Hyde Serie Completa Vol.1 Al 6 Dc Comic´s ,320.0,31.61,False
 Funko Pop Movies: It Pennywise Con Boat Nuevo ,385.0,38.03,True
 Cómic Marvel Bestseller Punisher La Madre Rusia Español ,249.0,20.75,False
 Harley Quinn Rebirth Vol.1 Muere De Risa Televisa Tpb ,240.0,23.71,False
 Enciclopedia Marvel Vol.79 Lomo Vol.80 Universo Marvel 5 ,340.0,33.59,False
 Comic:saga The Spectacular Spiderman 7 Tomos En Español ,299.0,24.92,False
 Tiempos Oscuros 2 Star Wars Vol.28 Planeta De Agostini ,345.0,34.08,False
 Hulk Gray Serie Completa Marvel Televisa 2017 ,360.0,35.57,False
 Enciclopedia Marvel Vol.25 Lomo Vol.26 Fantastic Four 3 ,340.0,33.59,False
 Comic Halo Escalation Tomo # 1 Sellado Compila 01 Al 06 ,219.0,18.25,False
 Enciclopedia Marvel Vol.27 Lomo Vol.28 Mundos Alternativos 1 ,340.0,33.59,False
 Spider-men Serie Completa Comic Marvel Semanal Televisa ,300.0,29.64,False
 Funko Pop Harry Potter Profecía Y Suéter Hottopic Envio Igo! ,1299.0,128.33,True
 The Boys Vol.4 Debemos Irnos Ya Panini Pasta Dura ,310.0,30.63,False
 Avengers Guantelete Infinito Completo Marvel Semanal 2018 ,220.0,21.73,False
 Comic Renew Your Vows Spiderman #01 Variante Humberto Ramos ,269.0,26.57,False
 Especial Sagas Dc: Hora Cero/la Noche Final ,1750.0,145.83,True
 Enciclopedia Marvel Vol.80 Lomo Vol.81 Universo Marvel 6 ,340.0,33.59,False
